"patient","cycif.slide","cycif.core.id","Molecular.profile2","therapy_sequence"
"T08-05713","TMA_41_812","core3","HRP","NACT"
"T08-05713","TMA_41_812","core14","HRP","NACT"
"T08-05713","TMA_41_812","core6","HRP","NACT"
"T08-05713","TMA_41_812","core10","HRP","NACT"
"T08-05863","TMA_31_1020","core120","BRCAmut/met","NACT"
"T08-05863","TMA_31_1020","core123","BRCAmut/met","NACT"
"T08-05863","TMA_31_1020","core122","BRCAmut/met","NACT"
"T08-05863","TMA_31_1020","core114","BRCAmut/met","NACT"
"T09-06052","TMA_41_812","core12","HRP","NACT"
"T09-06052","TMA_41_812","core17","HRP","NACT"
"T09-06052","TMA_41_812","core22","HRP","NACT"
"T09-06052","TMA_41_812","core9","HRP","NACT"
"T09-06945","TMA_31_1020","core113","BRCAmut/met","NACT"
"T09-06945","TMA_31_1020","core116","BRCAmut/met","NACT"
"T09-06945","TMA_31_1020","core115","BRCAmut/met","NACT"
"T09-06945","TMA_31_1020","core112","BRCAmut/met","NACT"
"T09-08643","TMA_18_810","core17","BRCAmut/met","PDS"
"T09-08643","TMA_18_810","core19","BRCAmut/met","PDS"
"T09-08643","TMA_18_810","core16","BRCAmut/met","PDS"
"T09-08643","TMA_18_810","core18","BRCAmut/met","PDS"
"T10-02206","TMA_33_576","core97","BRCAmut/met","NACT"
"T10-02206","TMA_33_576","core79","BRCAmut/met","NACT"
"T10-02206","TMA_33_576","core88","BRCAmut/met","NACT"
"T10-02206","TMA_33_576","core106","BRCAmut/met","NACT"
"T10-03313","TMA_42_961","core29","BRCAmut/met","PDS"
"T10-03313","TMA_42_961","core52","BRCAmut/met","PDS"
"T10-03313","TMA_42_961","core40","BRCAmut/met","PDS"
"T10-03313","TMA_42_961","core18","BRCAmut/met","PDS"
"T10-03884","TMA_33_576","core78","BRCAmut/met","NACT"
"T10-03884","TMA_33_576","core94","BRCAmut/met","NACT"
"T10-03884","TMA_33_576","core105","BRCAmut/met","NACT"
"T10-04867","TMA_33_576","core42","HRP","NACT"
"T10-04867","TMA_33_576","core60","HRP","NACT"
"T10-04867","TMA_33_576","core68","HRP","NACT"
"T10-04867","TMA_33_576","core51","HRP","NACT"
"T10-04936","TMA_33_576","core15","HRP","NACT"
"T10-04936","TMA_33_576","core7","HRP","NACT"
"T10-04936","TMA_33_576","core24","HRP","NACT"
"T10-04936","TMA_33_576","core33","HRP","NACT"
"T10-05777","TMA_33_576","core87","HRP","NACT"
"T10-05777","TMA_33_576","core104","HRP","NACT"
"T10-05777","TMA_33_576","core96","HRP","NACT"
"T10-05777","TMA_33_576","core77","HRP","NACT"
"T10-06224","TMA_41_812","core4","HRP","NACT"
"T10-06224","TMA_41_812","core7","HRP","NACT"
"T10-06224","TMA_41_812","core11","HRP","NACT"
"T10-08405","TMA_33_576","core13","BRCAmut/met","NACT"
"T10-08405","TMA_33_576","core31","BRCAmut/met","NACT"
"T10-08405","TMA_33_576","core4","BRCAmut/met","NACT"
"T10-08405","TMA_33_576","core22","BRCAmut/met","NACT"
"T10-08884","TMA_33_576","core48","BRCAmut/met","NACT"
"T10-08884","TMA_33_576","core57","BRCAmut/met","NACT"
"T10-08884","TMA_33_576","core39","BRCAmut/met","NACT"
"T10-09951","TMA_42_961","core132","BRCAmut/met","PDS"
"T10-09951","TMA_42_961","core136","BRCAmut/met","PDS"
"T10-09951","TMA_42_961","core115","BRCAmut/met","PDS"
"T10-09951","TMA_42_961","core124","BRCAmut/met","PDS"
"T10-10609","TMA_41_812","core38","BRCAmut/met","NACT"
"T10-10609","TMA_41_812","core58","BRCAmut/met","NACT"
"T10-10609","TMA_41_812","core52","BRCAmut/met","NACT"
"T10-10609","TMA_41_812","core46","BRCAmut/met","NACT"
"T10-11026","TMA_33_576","core55","BRCAmut/met","NACT"
"T10-11026","TMA_33_576","core45","BRCAmut/met","NACT"
"T10-11026","TMA_33_576","core37","BRCAmut/met","NACT"
"T10-11026","TMA_33_576","core65","BRCAmut/met","NACT"
"T11-02711","TMA_33_576","core27","HRP","NACT"
"T11-02711","TMA_33_576","core10","HRP","NACT"
"T11-02711","TMA_33_576","core2","HRP","NACT"
"T11-02711","TMA_33_576","core18","HRP","NACT"
"T11-04810","TMA_34_504","core47","BRCAmut/met","NACT"
"T11-04810","TMA_34_504","core30","BRCAmut/met","NACT"
"T11-04810","TMA_34_504","core35","BRCAmut/met","NACT"
"T11-04810","TMA_34_504","core41","BRCAmut/met","NACT"
"T11-08703","TMA_41_812","core116","HRP","NACT"
"T11-08703","TMA_41_812","core118","HRP","NACT"
"T11-08703","TMA_41_812","core113","HRP","NACT"
"T11-08703","TMA_41_812","core119","HRP","NACT"
"T12-01978","TMA_18_810","core146","BRCAmut/met","NACT"
"T12-01978","TMA_18_810","core144","BRCAmut/met","NACT"
"T12-01978","TMA_18_810","core142","BRCAmut/met","NACT"
"T12-01978","TMA_18_810","core145","BRCAmut/met","NACT"
"T12-02604","TMA_18_810","core134","BRCAmut/met","NACT"
"T12-02604","TMA_18_810","core127","BRCAmut/met","NACT"
"T12-02604","TMA_18_810","core131","BRCAmut/met","NACT"
"T12-02604","TMA_18_810","core130","BRCAmut/met","NACT"
"T12-04653","TMA_18_810","core138","BRCAmut/met","NACT"
"T12-04653","TMA_18_810","core141","BRCAmut/met","NACT"
"T12-04653","TMA_18_810","core137","BRCAmut/met","NACT"
"T12-04653","TMA_18_810","core140","BRCAmut/met","NACT"
"T12-06667","TMA_18_810","core122","HRP","NACT"
"T12-06667","TMA_18_810","core123","HRP","NACT"
"T12-06667","TMA_18_810","core124","HRP","NACT"
"T12-06667","TMA_18_810","core121","HRP","NACT"
"T12-06984","TMA_18_810","core126","HRP","NACT"
"T12-06984","TMA_18_810","core128","HRP","NACT"
"T12-06984","TMA_18_810","core129","HRP","NACT"
"T12-06984","TMA_18_810","core125","HRP","NACT"
"T12-07130","TMA_18_810","core107","BRCAmut/met","NACT"
"T12-07130","TMA_18_810","core105","BRCAmut/met","NACT"
"T12-07130","TMA_18_810","core108","BRCAmut/met","NACT"
"T12-07130","TMA_18_810","core106","BRCAmut/met","NACT"
"T12-11335","TMA_18_810","core92","HRP","NACT"
"T12-11335","TMA_18_810","core91","HRP","NACT"
"T12-11335","TMA_18_810","core93","HRP","NACT"
"T12-11335","TMA_18_810","core90","HRP","NACT"
"T12-12043","TMA_18_810","core75","BRCAmut/met","NACT"
"T12-12043","TMA_18_810","core78","BRCAmut/met","NACT"
"T12-12043","TMA_18_810","core77","BRCAmut/met","NACT"
"T12-12043","TMA_18_810","core76","BRCAmut/met","NACT"
"T12-12085","TMA_18_810","core80","HRP","NACT"
"T12-12085","TMA_18_810","core81","HRP","NACT"
"T12-12085","TMA_18_810","core79","HRP","NACT"
"T13-00368","TMA_42_961","core61","BRCAmut/met","PDS"
"T13-00368","TMA_42_961","core90","BRCAmut/met","PDS"
"T13-00368","TMA_42_961","core72","BRCAmut/met","PDS"
"T13-00368","TMA_42_961","core81","BRCAmut/met","PDS"
"T13-00443","TMA_42_961","core16","BRCAmut/met","PDS"
"T13-00443","TMA_42_961","core37","BRCAmut/met","PDS"
"T13-00443","TMA_42_961","core50","BRCAmut/met","PDS"
"T13-00499","TMA_18_810","core11","BRCAmut/met","NACT"
"T13-00499","TMA_18_810","core12","BRCAmut/met","NACT"
"T13-00499","TMA_18_810","core9","BRCAmut/met","NACT"
"T13-00499","TMA_18_810","core10","BRCAmut/met","NACT"
"T13-01641","TMA_18_810","core54","BRCAmut/met","NACT"
"T13-01641","TMA_18_810","core52","BRCAmut/met","NACT"
"T13-01641","TMA_18_810","core53","BRCAmut/met","NACT"
"T13-01641","TMA_18_810","core51","BRCAmut/met","NACT"
"T13-02551","TMA_34_504","core23","BRCAmut/met","NACT"
"T13-02551","TMA_34_504","core17","BRCAmut/met","NACT"
"T13-02551","TMA_34_504","core5","BRCAmut/met","NACT"
"T13-02551","TMA_34_504","core11","BRCAmut/met","NACT"
"T13-03237","TMA_34_504","core52","HRP","NACT"
"T13-03237","TMA_34_504","core59","HRP","NACT"
"T13-03237","TMA_34_504","core66","HRP","NACT"
"T13-03404","TMA_18_810","core38","BRCAmut/met","NACT"
"T13-03404","TMA_18_810","core37","BRCAmut/met","NACT"
"T13-03404","TMA_18_810","core36","BRCAmut/met","NACT"
"T13-03807","TMA_18_810","core41","HRP","NACT"
"T13-03807","TMA_18_810","core39","HRP","NACT"
"T13-03807","TMA_18_810","core40","HRP","NACT"
"T13-03807","TMA_18_810","core42","HRP","NACT"
"T13-04724","TMA_41_812","core53","BRCAmut/met","NACT"
"T13-04724","TMA_41_812","core60","BRCAmut/met","NACT"
"T13-04724","TMA_41_812","core73","BRCAmut/met","NACT"
"T13-04724","TMA_41_812","core66","BRCAmut/met","NACT"
"T13-06362","TMA_18_810","core15","HRP","NACT"
"T13-06362","TMA_18_810","core13","HRP","NACT"
"T13-06362","TMA_18_810","core14","HRP","NACT"
"T13-07247","TMA_41_812","core85","HRP","PDS"
"T13-07247","TMA_41_812","core91","HRP","PDS"
"T13-07247","TMA_41_812","core97","HRP","PDS"
"T13-07247","TMA_41_812","core78","HRP","PDS"
"T13-08368","TMA_34_504","core49","BRCAmut/met","NACT"
"T13-08368","TMA_34_504","core57","BRCAmut/met","NACT"
"T13-08368","TMA_34_504","core71","BRCAmut/met","NACT"
"T13-08368","TMA_34_504","core64","BRCAmut/met","NACT"
"T13-08998","TMA_41_812","core71","BRCAmut/met","PDS"
"T13-08998","TMA_41_812","core77","BRCAmut/met","PDS"
"T13-08998","TMA_41_812","core84","BRCAmut/met","PDS"
"T13-08998","TMA_41_812","core64","BRCAmut/met","PDS"
"T14-03217","TMA_31_1020","core87","HRP","NACT"
"T14-03217","TMA_31_1020","core86","HRP","NACT"
"T14-04611","TMA_45_312","core35","HRP","NACT"
"T14-04611","TMA_45_312","core36","HRP","NACT"
"T14-04611","TMA_45_312","core34","HRP","NACT"
"T14-04611","TMA_45_312","core32","HRP","NACT"
"T14-04805","TMA_31_1020","core75","HRP","NACT"
"T14-04805","TMA_31_1020","core76","HRP","NACT"
"T14-04805","TMA_31_1020","core74","HRP","NACT"
"T14-04805","TMA_31_1020","core77","HRP","NACT"
"T14-05219","TMA_31_1020","core80","BRCAmut/met","NACT"
"T14-05219","TMA_31_1020","core78","BRCAmut/met","NACT"
"T14-05219","TMA_31_1020","core79","BRCAmut/met","NACT"
"T14-05219","TMA_31_1020","core81","BRCAmut/met","NACT"
"T14-05244","TMA_31_1020","core84","BRCAmut/met","NACT"
"T14-05244","TMA_31_1020","core83","BRCAmut/met","NACT"
"T14-05244","TMA_31_1020","core82","BRCAmut/met","NACT"
"T14-05244","TMA_31_1020","core85","BRCAmut/met","NACT"
"T14-05414","TMA_31_1020","core65","BRCAmut/met","NACT"
"T14-05414","TMA_31_1020","core64","BRCAmut/met","NACT"
"T14-05414","TMA_31_1020","core62","BRCAmut/met","NACT"
"T14-05414","TMA_31_1020","core63","BRCAmut/met","NACT"
"T14-05538","TMA_41_812","core75","HRP","NACT"
"T14-05538","TMA_41_812","core93","HRP","NACT"
"T14-05538","TMA_41_812","core82","HRP","NACT"
"T14-05538","TMA_41_812","core87","HRP","NACT"
"T14-06063","TMA_45_312","core37","HRP","NACT"
"T14-06063","TMA_45_312","core38","HRP","NACT"
"T14-06063","TMA_45_312","core39","HRP","NACT"
"T14-06063","TMA_45_312","core40","HRP","NACT"
"T14-07035","TMA_45_312","core20","BRCAmut/met","NACT"
"T14-07035","TMA_45_312","core22","BRCAmut/met","NACT"
"T14-07035","TMA_45_312","core27","BRCAmut/met","NACT"
"T14-07035","TMA_45_312","core24","BRCAmut/met","NACT"
"T14-07272","TMA_45_312","core29","HRP","NACT"
"T14-07272","TMA_45_312","core28","HRP","NACT"
"T14-07272","TMA_45_312","core31","HRP","NACT"
"T14-07272","TMA_45_312","core30","HRP","NACT"
"T14-08045","TMA_31_1020","core55","HRP","NACT"
"T14-08045","TMA_31_1020","core57","HRP","NACT"
"T14-08045","TMA_31_1020","core54","HRP","NACT"
"T14-08045","TMA_31_1020","core59","HRP","NACT"
"T14-22038","TMA_43_616","core119","BRCAmut/met","PDS"
"T14-22038","TMA_43_616","core117","BRCAmut/met","PDS"
"T14-22038","TMA_43_616","core116","BRCAmut/met","PDS"
"T14-22038","TMA_43_616","core120","BRCAmut/met","PDS"
"T15-01390","TMA_31_1020","core47","HRP","NACT"
"T15-01390","TMA_31_1020","core48","HRP","NACT"
"T15-01390","TMA_31_1020","core46","HRP","NACT"
"T15-01390","TMA_31_1020","core49","HRP","NACT"
"T15-02253","TMA_31_1020","core50","BRCAmut/met","NACT"
"T15-02253","TMA_31_1020","core51","BRCAmut/met","NACT"
"T15-02253","TMA_31_1020","core53","BRCAmut/met","NACT"
"T15-02253","TMA_31_1020","core52","BRCAmut/met","NACT"
"T15-02435","TMA_45_312","core12","HRP","NACT"
"T15-02435","TMA_45_312","core10","HRP","NACT"
"T15-02435","TMA_45_312","core11","HRP","NACT"
"T15-02435","TMA_45_312","core8","HRP","NACT"
"T15-02569","TMA_45_312","core15","BRCAmut/met","NACT"
"T15-02569","TMA_45_312","core18","BRCAmut/met","NACT"
"T15-02569","TMA_45_312","core13","BRCAmut/met","NACT"
"T15-02569","TMA_45_312","core16","BRCAmut/met","NACT"
"T15-02971","TMA_45_312","core9","HRP","NACT"
"T15-02971","TMA_45_312","core7","HRP","NACT"
"T15-02971","TMA_45_312","core6","HRP","NACT"
"T15-02971","TMA_45_312","core5","HRP","NACT"
"T15-03096","TMA_41_812","core92","BRCAmut/met","NACT"
"T15-03096","TMA_41_812","core86","BRCAmut/met","NACT"
"T15-03851","TMA_41_812","core111","BRCAmut/met","NACT"
"T15-03851","TMA_41_812","core107","BRCAmut/met","NACT"
"T15-03851","TMA_41_812","core114","BRCAmut/met","NACT"
"T15-03851","TMA_41_812","core102","BRCAmut/met","NACT"
"T15-04527","TMA_41_812","core115","BRCAmut/met","NACT"
"T15-04527","TMA_41_812","core117","BRCAmut/met","NACT"
"T15-04527","TMA_41_812","core112","BRCAmut/met","NACT"
"T15-04527","TMA_41_812","core108","BRCAmut/met","NACT"
"T15-05197","TMA_34_504","core8","HRP","NACT"
"T15-05197","TMA_34_504","core20","HRP","NACT"
"T15-05197","TMA_34_504","core2","HRP","NACT"
"T15-05197","TMA_34_504","core14","HRP","NACT"
"T15-05371","TMA_31_1020","core34","HRP","NACT"
"T15-05371","TMA_31_1020","core37","HRP","NACT"
"T15-05371","TMA_31_1020","core35","HRP","NACT"
"T15-05371","TMA_31_1020","core36","HRP","NACT"
"T15-05386","TMA_42_961","core27","BRCAmut/met","PDS"
"T15-05386","TMA_42_961","core36","BRCAmut/met","PDS"
"T15-05386","TMA_42_961","core48","BRCAmut/met","PDS"
"T15-05386","TMA_42_961","core15","BRCAmut/met","PDS"
"T15-05487","TMA_31_1020","core40","HRP","NACT"
"T15-05487","TMA_31_1020","core45","HRP","NACT"
"T15-05487","TMA_31_1020","core39","HRP","NACT"
"T15-05487","TMA_31_1020","core38","HRP","NACT"
"T15-06488","TMA_31_1020","core42","HRP","NACT"
"T15-06488","TMA_31_1020","core41","HRP","NACT"
"T15-06488","TMA_31_1020","core43","HRP","NACT"
"T15-06488","TMA_31_1020","core44","HRP","NACT"
"T15-06700","TMA_31_1020","core31","BRCAmut/met","NACT"
"T15-06700","TMA_31_1020","core33","BRCAmut/met","NACT"
"T15-06700","TMA_31_1020","core28","BRCAmut/met","NACT"
"T15-06700","TMA_31_1020","core25","BRCAmut/met","NACT"
"T15-08222","TMA_42_961","core106","BRCAmut/met","PDS"
"T15-08222","TMA_42_961","core116","BRCAmut/met","PDS"
"T15-08222","TMA_42_961","core125","BRCAmut/met","PDS"
"T15-08222","TMA_42_961","core133","BRCAmut/met","PDS"
"T15-09807","TMA_31_1020","core19","BRCAmut/met","NACT"
"T15-09807","TMA_31_1020","core17","BRCAmut/met","NACT"
"T15-09807","TMA_31_1020","core18","BRCAmut/met","NACT"
"T15-09807","TMA_31_1020","core16","BRCAmut/met","NACT"
"T16-03150","TMA_31_1020","core6","BRCAmut/met","NACT"
"T16-03150","TMA_31_1020","core9","BRCAmut/met","NACT"
"T16-03150","TMA_31_1020","core7","BRCAmut/met","NACT"
"T16-03150","TMA_31_1020","core8","BRCAmut/met","NACT"
"T17-61001","TMA_42_961","core78","HRP","NACT"
"T17-61001","TMA_42_961","core56","HRP","NACT"
"T17-61001","TMA_42_961","core67","HRP","NACT"
"T17-61001","TMA_42_961","core88","HRP","NACT"
"T17-61069","TMA_42_961","core100","BRCAmut/met","PDS"
"T17-61069","TMA_42_961","core127","BRCAmut/met","PDS"
"T17-61069","TMA_42_961","core118","BRCAmut/met","PDS"
"T17-61069","TMA_42_961","core108","BRCAmut/met","PDS"
"T17-61071","TMA_42_961","core42","HRP","PDS"
"T17-61071","TMA_42_961","core21","HRP","PDS"
"T17-61071","TMA_42_961","core8","HRP","PDS"
"T17-61071","TMA_42_961","core31","HRP","PDS"
"T17-61072","TMA_42_961","core126","BRCAmut/met","PDS"
"T17-61072","TMA_42_961","core105","BRCAmut/met","PDS"
"T17-61072","TMA_42_961","core98","BRCAmut/met","PDS"
"T17-61072","TMA_42_961","core113","BRCAmut/met","PDS"
"T17-61079","TMA_42_961","core95","HRP","PDS"
"T17-61079","TMA_42_961","core109","HRP","PDS"
"T17-61079","TMA_42_961","core101","HRP","PDS"
"T17-61079","TMA_42_961","core119","HRP","PDS"
"T17-61081","TMA_42_961","core5","BRCAmut/met","NACT"
"T17-61081","TMA_42_961","core26","BRCAmut/met","NACT"
"T17-61081","TMA_42_961","core38","BRCAmut/met","NACT"
"T17-61081","TMA_42_961","core14","BRCAmut/met","NACT"
"T17-61082","TMA_42_961","core99","HRP","PDS"
"T17-61082","TMA_42_961","core117","HRP","PDS"
"T17-61082","TMA_42_961","core94","HRP","PDS"
"T17-61082","TMA_42_961","core107","HRP","PDS"
"T17-61084","TMA_42_961","core25","BRCAmut/met","PDS"
"T17-61084","TMA_42_961","core35","BRCAmut/met","PDS"
"T17-61084","TMA_42_961","core4","BRCAmut/met","PDS"
"T17-61084","TMA_42_961","core13","BRCAmut/met","PDS"
"T17-61085","TMA_42_961","core104","BRCAmut/met","PDS"
"T17-61085","TMA_42_961","core91","BRCAmut/met","PDS"
"T17-61085","TMA_42_961","core114","BRCAmut/met","PDS"
"T17-61085","TMA_42_961","core97","BRCAmut/met","PDS"
"T17-61086","TMA_42_961","core68","BRCAmut/met","PDS"
"T17-61086","TMA_42_961","core47","BRCAmut/met","PDS"
"T17-61086","TMA_42_961","core57","BRCAmut/met","PDS"
"T17-61088","TMA_46_325","core44","HRP","PDS"
"T17-61088","TMA_46_325","core47","HRP","PDS"
"T17-61088","TMA_46_325","core49","HRP","PDS"
"T17-61088","TMA_46_325","core48","HRP","PDS"
"T17-61089","TMA_46_325","core29","HRP","PDS"
"T17-61089","TMA_46_325","core31","HRP","PDS"
"T17-61089","TMA_46_325","core34","HRP","PDS"
"T17-61089","TMA_46_325","core30","HRP","PDS"
"T17-61090","TMA_46_325","core32","BRCAmut/met","PDS"
"T17-61090","TMA_46_325","core33","BRCAmut/met","PDS"
"T17-61090","TMA_46_325","core37","BRCAmut/met","PDS"
"T17-61090","TMA_46_325","core38","BRCAmut/met","PDS"
"T17-61091","TMA_46_325","core40","BRCAmut/met","PDS"
"T17-61091","TMA_46_325","core39","BRCAmut/met","PDS"
"T17-61091","TMA_46_325","core36","BRCAmut/met","PDS"
"T17-61091","TMA_46_325","core35","BRCAmut/met","PDS"
"T17-61092","TMA_46_325","core19","BRCAmut/met","PDS"
"T17-61092","TMA_46_325","core17","BRCAmut/met","PDS"
"T17-61092","TMA_46_325","core18","BRCAmut/met","PDS"
"T17-61092","TMA_46_325","core22","BRCAmut/met","PDS"
"T17-61094","TMA_46_325","core27","BRCAmut/met","PDS"
"T17-61094","TMA_46_325","core25","BRCAmut/met","PDS"
"T17-61094","TMA_46_325","core26","BRCAmut/met","PDS"
"T17-61094","TMA_46_325","core21","BRCAmut/met","PDS"
"T17-61096","TMA_46_325","core11","HRP","PDS"
"T17-61096","TMA_46_325","core9","HRP","PDS"
"T17-61096","TMA_46_325","core13","HRP","PDS"
"T17-61096","TMA_46_325","core12","HRP","PDS"
"T17-61097","TMA_46_325","core16","BRCAmut/met","PDS"
"T17-61097","TMA_46_325","core15","BRCAmut/met","PDS"
"T17-61097","TMA_46_325","core14","BRCAmut/met","PDS"
"T17-61097","TMA_46_325","core10","BRCAmut/met","PDS"
"T17-61141","TMA_43_616","core104","HRP","PDS"
"T17-61141","TMA_43_616","core113","HRP","PDS"
"T17-61141","TMA_43_616","core109","HRP","PDS"
"T17-61141","TMA_43_616","core112","HRP","PDS"
"T17-61141","TMA_43_616","core108","HRP","PDS"
"T17-61141","TMA_43_616","core111","HRP","PDS"
"T17-61141","TMA_43_616","core105","HRP","PDS"
"T17-61141","TMA_43_616","core107","HRP","PDS"
"T17-61144","TMA_43_616","core92","HRP","PDS"
"T17-61144","TMA_43_616","core90","HRP","PDS"
"T17-61144","TMA_43_616","core97","HRP","PDS"
"T17-61144","TMA_43_616","core95","HRP","PDS"
"T17-61147","TMA_43_616","core83","BRCAmut/met","PDS"
"T17-61147","TMA_43_616","core80","BRCAmut/met","PDS"
"T17-61147","TMA_43_616","core78","BRCAmut/met","PDS"
"T17-61147","TMA_43_616","core79","BRCAmut/met","PDS"
"T17-61149","TMA_43_616","core72","BRCAmut/met","PDS"
"T17-61149","TMA_43_616","core73","BRCAmut/met","PDS"
"T17-61149","TMA_43_616","core75","BRCAmut/met","PDS"
"T17-61149","TMA_43_616","core77","BRCAmut/met","PDS"
"T17-61155","TMA_43_616","core63","HRP","PDS"
"T17-61155","TMA_43_616","core59","HRP","PDS"
"T17-61155","TMA_43_616","core62","HRP","PDS"
"T17-61155","TMA_43_616","core55","HRP","PDS"
"T17-61157","TMA_43_616","core40","HRP","PDS"
"T17-61157","TMA_43_616","core41","HRP","PDS"
"T17-61157","TMA_43_616","core43","HRP","PDS"
"T17-61157","TMA_43_616","core42","HRP","PDS"
"T17-61158","TMA_43_616","core45","BRCAmut/met","PDS"
"T17-61158","TMA_43_616","core46","BRCAmut/met","PDS"
"T17-61158","TMA_43_616","core50","BRCAmut/met","PDS"
"T17-61158","TMA_43_616","core47","BRCAmut/met","PDS"
"T17-61159","TMA_43_616","core32","HRP","PDS"
"T17-61159","TMA_43_616","core37","HRP","PDS"
"T17-61159","TMA_43_616","core36","HRP","PDS"
"T17-61159","TMA_43_616","core38","HRP","PDS"
"T17-61160","TMA_43_616","core29","BRCAmut/met","PDS"
"T17-61160","TMA_43_616","core28","BRCAmut/met","PDS"
"T17-61160","TMA_43_616","core30","BRCAmut/met","PDS"
"T17-61160","TMA_43_616","core31","BRCAmut/met","PDS"
"T17-61163","TMA_43_616","core21","BRCAmut/met","PDS"
"T17-61163","TMA_43_616","core22","BRCAmut/met","PDS"
"T17-61163","TMA_43_616","core23","BRCAmut/met","PDS"
"T17-61163","TMA_43_616","core20","BRCAmut/met","PDS"
"T17-61166","TMA_43_616","core8","BRCAmut/met","PDS"
"T17-61166","TMA_43_616","core5","BRCAmut/met","PDS"
"T17-61166","TMA_43_616","core15","BRCAmut/met","PDS"
"T17-61168","TMA_43_616","core3","BRCAmut/met","PDS"
"T17-61168","TMA_43_616","core1","BRCAmut/met","PDS"
"T17-61168","TMA_43_616","core2","BRCAmut/met","PDS"
"T17-61168","TMA_43_616","core4","BRCAmut/met","PDS"
"T17-61169","TMA_44_810","core6","BRCAmut/met","PDS"
"T17-61169","TMA_44_810","core8","BRCAmut/met","PDS"
"T17-61169","TMA_44_810","core5","BRCAmut/met","PDS"
"T17-61169","TMA_44_810","core9","BRCAmut/met","PDS"
"T17-61170","TMA_44_810","core2","BRCAmut/met","PDS"
"T17-61170","TMA_44_810","core3","BRCAmut/met","PDS"
"T17-61170","TMA_44_810","core4","BRCAmut/met","PDS"
"T17-61170","TMA_44_810","core1","BRCAmut/met","PDS"
"T17-61171","TMA_44_810","core27","BRCAmut/met","PDS"
"T17-61171","TMA_44_810","core21","BRCAmut/met","PDS"
"T17-61171","TMA_44_810","core26","BRCAmut/met","PDS"
"T17-61171","TMA_44_810","core24","BRCAmut/met","PDS"
"T17-61173","TMA_44_810","core7","HRP","PDS"
"T17-61173","TMA_44_810","core12","HRP","PDS"
"T17-61173","TMA_44_810","core10","HRP","PDS"
"T17-61173","TMA_44_810","core13","HRP","PDS"
"T17-61176","TMA_44_810","core28","HRP","PDS"
"T17-61176","TMA_44_810","core25","HRP","PDS"
"T17-61176","TMA_44_810","core30","HRP","PDS"
"T17-61176","TMA_44_810","core32","HRP","PDS"
"T17-61177","TMA_44_810","core16","BRCAmut/met","PDS"
"T17-61177","TMA_44_810","core23","BRCAmut/met","PDS"
"T17-61177","TMA_44_810","core22","BRCAmut/met","PDS"
"T17-61177","TMA_44_810","core18","BRCAmut/met","PDS"
"T17-61187","TMA_44_810","core48","BRCAmut/met","PDS"
"T17-61187","TMA_44_810","core47","BRCAmut/met","PDS"
"T17-61187","TMA_44_810","core51","BRCAmut/met","PDS"
"T17-61187","TMA_44_810","core45","BRCAmut/met","PDS"
"T17-61188","TMA_44_810","core43","BRCAmut/met","PDS"
"T17-61188","TMA_44_810","core42","BRCAmut/met","PDS"
"T17-61188","TMA_44_810","core40","BRCAmut/met","PDS"
"T17-61188","TMA_44_810","core38","BRCAmut/met","PDS"
"T17-61190","TMA_44_810","core59","BRCAmut/met","PDS"
"T17-61190","TMA_44_810","core61","BRCAmut/met","PDS"
"T17-61190","TMA_44_810","core57","BRCAmut/met","PDS"
"T17-61190","TMA_44_810","core63","BRCAmut/met","PDS"
"T17-61191","TMA_44_810","core55","BRCAmut/met","PDS"
"T17-61191","TMA_44_810","core50","BRCAmut/met","PDS"
"T17-61191","TMA_44_810","core49","BRCAmut/met","PDS"
"T17-61191","TMA_44_810","core53","BRCAmut/met","PDS"
"T17-61192","TMA_44_810","core41","BRCAmut/met","PDS"
"T17-61192","TMA_44_810","core44","BRCAmut/met","PDS"
"T17-61192","TMA_44_810","core46","BRCAmut/met","PDS"
"T17-61197","TMA_44_810","core74","BRCAmut/met","PDS"
"T17-61197","TMA_44_810","core79","BRCAmut/met","PDS"
"T17-61197","TMA_44_810","core77","BRCAmut/met","PDS"
"T17-61197","TMA_44_810","core72","BRCAmut/met","PDS"
"T17-61200","TMA_44_810","core84","BRCAmut/met","PDS"
"T17-61200","TMA_44_810","core86","BRCAmut/met","PDS"
"T17-61200","TMA_44_810","core89","BRCAmut/met","PDS"
"T17-61200","TMA_44_810","core91","BRCAmut/met","PDS"
"T17-61212","TMA_44_810","core113","BRCAmut/met","PDS"
"T17-61212","TMA_44_810","core112","BRCAmut/met","PDS"
"T17-61212","TMA_44_810","core110","BRCAmut/met","PDS"
"T17-61212","TMA_44_810","core108","BRCAmut/met","PDS"
